1,주겸다,아름제일여성병원,의원,data,이비인후과,"알레르기비염, 축농증수술, 비과질환, 편도질환, 소아이비인후과",1985-2-24
2,문두섭,길동노인요양병원,의원,data,한방재활의학과,"(한방비만체형클리닉) 부분비만, 소아비만, 산후비만",1984-3-13
3,임치장,케이치과병원,의원,data,신경외과,"뇌졸중치료, 뇌종양수술, 뇌혈관내중재시술, 뇌혈전용해술",1990-6-19
4,우효잎,척편한병원,의원,data,한방안이비인후피부과,"여드름, 한방미용시술(매선, 미용침), 성형수술후관리, 아토피피부염",1971-6-21
5,어복미,21세기병원,의원,data,한방안이비인후피부과,"여드름, 한방미용시술(매선, 미용침), 성형수술후관리, 아토피피부염",1986-1-15
6,전마복,연세대학교의과대학 강남세브란스병원,의원,data,한방안이비인후피부과,"여드름, 한방미용시술(매선, 미용침), 성형수술후관리, 아토피피부염",1989-3-28
7,우병윤,원진바른얼굴치과병원,의원,data,한방안이비인후피부과,"여드름, 한방미용시술(매선, 미용침), 성형수술후관리, 아토피피부염",1989-4-24
8,반자평,담소유병원,의원,data,이비인후과,"알레르기비염, 축농증수술, 비과질환, 편도질환, 소아이비인후과",1990-8-4
9,정반빛,제일정형외과병원,의원,data,한방재활의학과,"(한방비만체형클리닉) 부분비만, 소아비만, 산후비만",1987-8-22
10,표희호,로하스참사랑요양병원,의원,data,신경외과,"뇌졸중치료, 뇌종양수술, 뇌혈관내중재시술, 뇌혈전용해술",1974-12-10
11,구로월,서울세정병원,의원,data,신경외과,"뇌졸중치료, 뇌종양수술, 뇌혈관내중재시술, 뇌혈전용해술",1978-2-23
12,양시복,남부효요양병원,의원,data,한방안이비인후피부과,"여드름, 한방미용시술(매선, 미용침), 성형수술후관리, 아토피피부염",1977-4-5
13,백달묵,연세건우병원,의원,data,한방안이비인후피부과,"여드름, 한방미용시술(매선, 미용침), 성형수술후관리, 아토피피부염",1973-2-17
14,고항훈,의료법인 고려수의료재단 고려수요양병원,의원,data,한방안이비인후피부과,"여드름, 한방미용시술(매선, 미용침), 성형수술후관리, 아토피피부염",1975-10-12
15,주병개,차의과학대학교 강남차병원,의원,data,이비인후과,"알레르기비염, 축농증수술, 비과질환, 편도질환, 소아이비인후과",1980-5-29
16,홍규량,의료법인 미소들노인전문병원,의원,data,이비인후과,"알레르기비염, 축농증수술, 비과질환, 편도질환, 소아이비인후과",1988-6-4
17,표흔인,잎사귀치과병원,의원,data,정형외과,"어깨 및 팔꿈치 관절(견·주 관절), 스포츠 손상 및 외상",1985-12-1
18,명별추,서울편안한요양병원,의원,data,호흡기내과,"결핵 및 항산균폐질환, 만성폐쇄성폐질환",1989-4-16
19,금랑두,연세한강병원,의원,data,한방재활의학과,"(한방비만체형클리닉) 부분비만, 소아비만, 산후비만",1981-3-5
20,맹실번,강서초이스병원,의원,data,한방재활의학과,"(한방비만체형클리닉) 부분비만, 소아비만, 산후비만",1977-11-15
21,반우엽,강동연세병원,의원,data,정형외과,"어깨 및 팔꿈치 관절(견·주 관절), 스포츠 손상 및 외상",1970-5-14
22,조선울,한솔정형외과병원,의원,data,신경외과,"뇌졸중치료, 뇌종양수술, 뇌혈관내중재시술, 뇌혈전용해술",1979-4-11
23,추나술,성신고려요양병원,의원,data,한방안이비인후피부과,"여드름, 한방미용시술(매선, 미용침), 성형수술후관리, 아토피피부염",1980-11-3
24,양찬삼,의료법인 언양의료재단 조은병원,의원,data,정형외과,"어깨 및 팔꿈치 관절(견·주 관절), 스포츠 손상 및 외상",1978-7-20
25,오개손,김정수여러분병원,의원,data,이비인후과,"알레르기비염, 축농증수술, 비과질환, 편도질환, 소아이비인후과",1973-6-16
26,남웅실,의료법인구봉의료재단 세왕병원,의원,data,정형외과,"어깨 및 팔꿈치 관절(견·주 관절), 스포츠 손상 및 외상",1971-5-12
27,남세송,한림대학교 강남성심병원,의원,data,한방안이비인후피부과,"여드름, 한방미용시술(매선, 미용침), 성형수술후관리, 아토피피부염",1984-8-5
28,심동만,서울스타병원,의원,data,정형외과,"어깨 및 팔꿈치 관절(견·주 관절), 스포츠 손상 및 외상",1990-4-12
29,공소철,엘치과병원,의원,data,호흡기내과,"결핵 및 항산균폐질환, 만성폐쇄성폐질환",1989-11-1
30,황일로,서울바른세상병원,의원,data,한방안이비인후피부과,"여드름, 한방미용시술(매선, 미용침), 성형수술후관리, 아토피피부염",1979-8-18
31,윤우월,(本)본브릿지병원,의원,data,신경외과,"뇌졸중치료, 뇌종양수술, 뇌혈관내중재시술, 뇌혈전용해술",1981-11-25
32,노면래,빠른병원,의원,data,이비인후과,"알레르기비염, 축농증수술, 비과질환, 편도질환, 소아이비인후과",1978-7-19
33,왕혼헌,청담힐요양병원,의원,data,한방재활의학과,"(한방비만체형클리닉) 부분비만, 소아비만, 산후비만",1981-10-13
34,신철비,혜당한방병원,의원,data,정형외과,"어깨 및 팔꿈치 관절(견·주 관절), 스포츠 손상 및 외상",1986-4-6
35,마겸비,삼성미래여성병원,의원,data,한방안이비인후피부과,"여드름, 한방미용시술(매선, 미용침), 성형수술후관리, 아토피피부염",1977-11-18
36,제탐훈,유디치과병원,의원,data,한방재활의학과,"(한방비만체형클리닉) 부분비만, 소아비만, 산후비만",1990-9-15
37,임미루,리봄한방병원,의원,data,신경외과,"뇌졸중치료, 뇌종양수술, 뇌혈관내중재시술, 뇌혈전용해술",1984-11-7
38,김아평,린여성병원,의원,data,호흡기내과,"결핵 및 항산균폐질환, 만성폐쇄성폐질환",1985-11-29
39,양남소,의료법인덕수의료재단보라매요양병원,의원,data,한방안이비인후피부과,"여드름, 한방미용시술(매선, 미용침), 성형수술후관리, 아토피피부염",1976-1-23
40,현심온,비엠씨한방병원,의원,data,정형외과,"어깨 및 팔꿈치 관절(견·주 관절), 스포츠 손상 및 외상",1976-1-13
41,편명정,의료법인 명경의료재단 꽃마을한방병원,의원,data,한방안이비인후피부과,"여드름, 한방미용시술(매선, 미용침), 성형수술후관리, 아토피피부염",1990-4-27
42,도자사,메드렉스병원,의원,data,신경외과,"뇌졸중치료, 뇌종양수술, 뇌혈관내중재시술, 뇌혈전용해술",1980-12-27
43,탁휴황,동산요양병원,의원,data,정형외과,"어깨 및 팔꿈치 관절(견·주 관절), 스포츠 손상 및 외상",1978-11-26
44,선일한,서울힐링요양병원,의원,data,한방안이비인후피부과,"여드름, 한방미용시술(매선, 미용침), 성형수술후관리, 아토피피부염",1973-7-7
45,선리늬,재단법인위담 위담한방병원,의원,data,한방안이비인후피부과,"여드름, 한방미용시술(매선, 미용침), 성형수술후관리, 아토피피부염",1970-7-11
46,소문동,토마스병원,의원,data,한방재활의학과,"(한방비만체형클리닉) 부분비만, 소아비만, 산후비만",1987-3-1
47,성겸항,대명요양병원,의원,data,한방재활의학과,"(한방비만체형클리닉) 부분비만, 소아비만, 산후비만",1971-6-14
48,양실오,초록나무요양병원,의원,data,한방안이비인후피부과,"여드름, 한방미용시술(매선, 미용침), 성형수술후관리, 아토피피부염",1980-12-20
49,위을숙,선한목자병원,의원,data,한방안이비인후피부과,"여드름, 한방미용시술(매선, 미용침), 성형수술후관리, 아토피피부염",1972-4-12
50,금면라,오케이요양병원,의원,data,이비인후과,"알레르기비염, 축농증수술, 비과질환, 편도질환, 소아이비인후과",1977-6-27
51,모늬탁,9988병원,의원,data,정형외과,"어깨 및 팔꿈치 관절(견·주 관절), 스포츠 손상 및 외상",1980-10-28
52,손혁열,서울연세병원,의원,data,정형외과,"어깨 및 팔꿈치 관절(견·주 관절), 스포츠 손상 및 외상",1990-10-8
53,방해나,365강서수요양병원,의원,data,호흡기내과,"결핵 및 항산균폐질환, 만성폐쇄성폐질환",1971-4-29
54,여탐철,새롬한방병원,의원,data,이비인후과,"알레르기비염, 축농증수술, 비과질환, 편도질환, 소아이비인후과",1987-10-27
55,권건초,서울은빛요양병원,의원,data,한방재활의학과,"(한방비만체형클리닉) 부분비만, 소아비만, 산후비만",1972-5-13
56,김홍더,라이브치과병원,의원,data,이비인후과,"알레르기비염, 축농증수술, 비과질환, 편도질환, 소아이비인후과",1983-3-9
57,변견개,금강아산병원(재단법인 아산사회복지재단),의원,data,신경외과,"뇌졸중치료, 뇌종양수술, 뇌혈관내중재시술, 뇌혈전용해술",1973-8-19
58,송배신,유디성신치과병원,의원,data,이비인후과,"알레르기비염, 축농증수술, 비과질환, 편도질환, 소아이비인후과",1975-4-20
59,이명걸,더바름치과병원,의원,data,신경외과,"뇌졸중치료, 뇌종양수술, 뇌혈관내중재시술, 뇌혈전용해술",1980-5-2
60,백익흥,서울큰나무병원,의원,data,정형외과,"어깨 및 팔꿈치 관절(견·주 관절), 스포츠 손상 및 외상",1974-5-3
61,백달면,의료법인 현창의료재단 서서울병원,의원,data,정형외과,"어깨 및 팔꿈치 관절(견·주 관절), 스포츠 손상 및 외상",1989-4-5
62,도심주,안세병원,의원,data,한방재활의학과,"(한방비만체형클리닉) 부분비만, 소아비만, 산후비만",1975-12-16
63,표훔늬,삼성서울병원,의원,data,한방안이비인후피부과,"여드름, 한방미용시술(매선, 미용침), 성형수술후관리, 아토피피부염",1984-11-18
64,조구을,굿라이프치과병원,의원,data,이비인후과,"알레르기비염, 축농증수술, 비과질환, 편도질환, 소아이비인후과",1973-1-3
65,안노빈,유광사여성병원,의원,data,정형외과,"어깨 및 팔꿈치 관절(견·주 관절), 스포츠 손상 및 외상",1989-6-4
66,변동흠,신촌리더스병원,의원,data,정형외과,"어깨 및 팔꿈치 관절(견·주 관절), 스포츠 손상 및 외상",1974-8-22
67,양영번,의료법인 나누리병원,의원,data,한방재활의학과,"(한방비만체형클리닉) 부분비만, 소아비만, 산후비만",1978-5-28
68,원단환,광혜병원,의원,data,이비인후과,"알레르기비염, 축농증수술, 비과질환, 편도질환, 소아이비인후과",1988-9-1
69,황현을,강북삼성병원,의원,data,호흡기내과,"결핵 및 항산균폐질환, 만성폐쇄성폐질환",1988-10-25
70,류정한,서울병원,의원,data,이비인후과,"알레르기비염, 축농증수술, 비과질환, 편도질환, 소아이비인후과",1973-1-20
71,심들아,참튼튼병원,의원,data,호흡기내과,"결핵 및 항산균폐질환, 만성폐쇄성폐질환",1970-11-22
72,노장늘,우리모두들치과병원,의원,data,한방안이비인후피부과,"여드름, 한방미용시술(매선, 미용침), 성형수술후관리, 아토피피부염",1982-10-20
73,정평리,신우요양병원,의원,data,호흡기내과,"결핵 및 항산균폐질환, 만성폐쇄성폐질환",1990-10-5
74,금언창,의료법인해인의료재단 동신한방병원,의원,data,한방재활의학과,"(한방비만체형클리닉) 부분비만, 소아비만, 산후비만",1970-8-12
75,고유평,고도일병원,의원,data,이비인후과,"알레르기비염, 축농증수술, 비과질환, 편도질환, 소아이비인후과",1989-9-10
76,유판흥,연세에스병원,의원,data,신경외과,"뇌졸중치료, 뇌종양수술, 뇌혈관내중재시술, 뇌혈전용해술",1984-6-22
77,김령솜,강서힘찬병원,의원,data,정형외과,"어깨 및 팔꿈치 관절(견·주 관절), 스포츠 손상 및 외상",1980-12-13
78,탁가나,우리들병원,의원,data,정형외과,"어깨 및 팔꿈치 관절(견·주 관절), 스포츠 손상 및 외상",1978-8-23
79,신범심,나누리병원,의원,data,신경외과,"뇌졸중치료, 뇌종양수술, 뇌혈관내중재시술, 뇌혈전용해술",1983-9-4
80,설광직,리더스병원,의원,data,한방재활의학과,"(한방비만체형클리닉) 부분비만, 소아비만, 산후비만",1970-11-6
81,임타용,씨디씨어린이치과병원,의원,data,한방재활의학과,"(한방비만체형클리닉) 부분비만, 소아비만, 산후비만",1989-8-2
82,손실견,시그마치과병원,의원,data,신경외과,"뇌졸중치료, 뇌종양수술, 뇌혈관내중재시술, 뇌혈전용해술",1974-4-8
83,남세뜸,에스엠씨요양병원,의원,data,정형외과,"어깨 및 팔꿈치 관절(견·주 관절), 스포츠 손상 및 외상",1978-7-12
84,변훔도,라임나무치과병원,의원,data,정형외과,"어깨 및 팔꿈치 관절(견·주 관절), 스포츠 손상 및 외상",1974-5-3
85,류요평,의료법인제민의료재단동서한방병원,의원,data,정형외과,"어깨 및 팔꿈치 관절(견·주 관절), 스포츠 손상 및 외상",1987-9-7
86,배반시,아이디병원,의원,data,신경외과,"뇌졸중치료, 뇌종양수술, 뇌혈관내중재시술, 뇌혈전용해술",1989-10-21
87,국문환,드림요양병원,의원,data,한방안이비인후피부과,"여드름, 한방미용시술(매선, 미용침), 성형수술후관리, 아토피피부염",1990-6-13
88,마변신,서울으뜸병원,의원,data,한방재활의학과,"(한방비만체형클리닉) 부분비만, 소아비만, 산후비만",1988-7-16
89,인잎모,포미즈여성병원,의원,data,정형외과,"어깨 및 팔꿈치 관절(견·주 관절), 스포츠 손상 및 외상",1990-3-17
90,공아사,느루요양병원,의원,data,한방재활의학과,"(한방비만체형클리닉) 부분비만, 소아비만, 산후비만",1982-6-10
91,장희해,강남고려병원,의원,data,한방안이비인후피부과,"여드름, 한방미용시술(매선, 미용침), 성형수술후관리, 아토피피부염",1972-10-13
92,백광출,뉴강서성심병원,의원,data,호흡기내과,"결핵 및 항산균폐질환, 만성폐쇄성폐질환",1983-2-7
93,양진늬,연세바른병원,의원,data,한방안이비인후피부과,"여드름, 한방미용시술(매선, 미용침), 성형수술후관리, 아토피피부염",1982-2-28
94,유주노,사랑의병원,의원,data,한방안이비인후피부과,"여드름, 한방미용시술(매선, 미용침), 성형수술후관리, 아토피피부염",1990-9-26
95,구충섬,힘찬큐한방병원,의원,data,이비인후과,"알레르기비염, 축농증수술, 비과질환, 편도질환, 소아이비인후과",1976-7-6
96,양식숙,하나로한방병원,의원,data,정형외과,"어깨 및 팔꿈치 관절(견·주 관절), 스포츠 손상 및 외상",1970-3-15
97,공혜악,예스병원,의원,data,한방안이비인후피부과,"여드름, 한방미용시술(매선, 미용침), 성형수술후관리, 아토피피부염",1989-7-26
98,도삼수,덕수의료재단 덕수요양병원,의원,data,신경외과,"뇌졸중치료, 뇌종양수술, 뇌혈관내중재시술, 뇌혈전용해술",1981-9-2
99,육일곤,햇살요양병원,의원,data,호흡기내과,"결핵 및 항산균폐질환, 만성폐쇄성폐질환",1982-3-23
100,심우전,청화병원,의원,data,이비인후과,"알레르기비염, 축농증수술, 비과질환, 편도질환, 소아이비인후과",1978-7-9
101,권희치,의료법인일맥의료재단인애가한방병원,의원,data,한방재활의학과,"(한방비만체형클리닉) 부분비만, 소아비만, 산후비만",1983-7-17
102,허고우,강서바른세상병원,의원,data,정형외과,"어깨 및 팔꿈치 관절(견·주 관절), 스포츠 손상 및 외상",1975-5-25
103,석다의,더본병원,의원,data,한방안이비인후피부과,"여드름, 한방미용시술(매선, 미용침), 성형수술후관리, 아토피피부염",1986-9-22
104,주디흔,바비페이스치과병원,의원,data,이비인후과,"알레르기비염, 축농증수술, 비과질환, 편도질환, 소아이비인후과",1990-9-13
105,장나동,연세베스트요양병원,의원,data,이비인후과,"알레르기비염, 축농증수술, 비과질환, 편도질환, 소아이비인후과",1986-8-8
106,탁온견,남서울병원,의원,data,이비인후과,"알레르기비염, 축농증수술, 비과질환, 편도질환, 소아이비인후과",1976-8-20
107,신술학,서울요양병원,의원,data,한방안이비인후피부과,"여드름, 한방미용시술(매선, 미용침), 성형수술후관리, 아토피피부염",1984-6-2
108,남뜸빈,강남요양병원,의원,data,한방안이비인후피부과,"여드름, 한방미용시술(매선, 미용침), 성형수술후관리, 아토피피부염",1977-3-16
109,허휴영,엠디병원,의원,data,한방재활의학과,"(한방비만체형클리닉) 부분비만, 소아비만, 산후비만",1980-3-11
110,편롱곤,강동경희대학교의대병원,의원,data,정형외과,"어깨 및 팔꿈치 관절(견·주 관절), 스포츠 손상 및 외상",1980-7-17
111,맹더달,서울연세요양병원,의원,data,한방안이비인후피부과,"여드름, 한방미용시술(매선, 미용침), 성형수술후관리, 아토피피부염",1971-2-22
112,전원의,서울그린치과병원,의원,data,신경외과,"뇌졸중치료, 뇌종양수술, 뇌혈관내중재시술, 뇌혈전용해술",1983-9-9
113,남애누,송파미소병원,의원,data,한방안이비인후피부과,"여드름, 한방미용시술(매선, 미용침), 성형수술후관리, 아토피피부염",1989-4-23
114,홍단성,목동예치과병원,의원,data,한방재활의학과,"(한방비만체형클리닉) 부분비만, 소아비만, 산후비만",1977-3-25
115,기새우,예작병원,의원,data,한방안이비인후피부과,"여드름, 한방미용시술(매선, 미용침), 성형수술후관리, 아토피피부염",1984-8-19
116,고이비,강남을지대학교병원,의원,data,신경외과,"뇌졸중치료, 뇌종양수술, 뇌혈관내중재시술, 뇌혈전용해술",1974-4-19
117,제번혁,의료법인마리아의료재단마리아병원,의원,data,호흡기내과,"결핵 및 항산균폐질환, 만성폐쇄성폐질환",1990-6-3
118,선모면,따스한봄날처럼요양병원,의원,data,한방재활의학과,"(한방비만체형클리닉) 부분비만, 소아비만, 산후비만",1978-11-27
119,권훔애,고려대학교의과대학부속구로병원,의원,data,한방안이비인후피부과,"여드름, 한방미용시술(매선, 미용침), 성형수술후관리, 아토피피부염",1985-7-28
120,채숙슬,더세인트요양병원,의원,data,한방안이비인후피부과,"여드름, 한방미용시술(매선, 미용침), 성형수술후관리, 아토피피부염",1977-12-13
121,염란솔,서울특별시서남병원,의원,data,신경외과,"뇌졸중치료, 뇌종양수술, 뇌혈관내중재시술, 뇌혈전용해술",1987-2-4
122,정재순,의료법인 부원의료재단 서초요양병원,의원,data,한방안이비인후피부과,"여드름, 한방미용시술(매선, 미용침), 성형수술후관리, 아토피피부염",1972-1-3
123,채평흠,서울효사랑요양병원,의원,data,한방재활의학과,"(한방비만체형클리닉) 부분비만, 소아비만, 산후비만",1973-10-21
124,차림오,서울에이스요양병원,의원,data,호흡기내과,"결핵 및 항산균폐질환, 만성폐쇄성폐질환",1986-9-21
125,옥예심,반도정형외과병원,의원,data,정형외과,"어깨 및 팔꿈치 관절(견·주 관절), 스포츠 손상 및 외상",1975-9-22
126,노준용,라온휴병원,의원,data,신경외과,"뇌졸중치료, 뇌종양수술, 뇌혈관내중재시술, 뇌혈전용해술",1981-2-13
127,함평백,연세사랑병원,의원,data,한방재활의학과,"(한방비만체형클리닉) 부분비만, 소아비만, 산후비만",1979-4-13
128,진숭으,더웰샘한방병원,의원,data,한방안이비인후피부과,"여드름, 한방미용시술(매선, 미용침), 성형수술후관리, 아토피피부염",1988-4-13
129,천현향,올바로병원,의원,data,한방안이비인후피부과,"여드름, 한방미용시술(매선, 미용침), 성형수술후관리, 아토피피부염",1980-4-14
130,함보슬,최차혜병원,의원,data,정형외과,"어깨 및 팔꿈치 관절(견·주 관절), 스포츠 손상 및 외상",1982-9-13
131,여혼중,메디움강남요양병원,의원,data,한방안이비인후피부과,"여드름, 한방미용시술(매선, 미용침), 성형수술후관리, 아토피피부염",1977-6-22
132,명남별,어울림병원,의원,data,신경외과,"뇌졸중치료, 뇌종양수술, 뇌혈관내중재시술, 뇌혈전용해술",1977-9-26
133,여견관,브레인병원,의원,data,호흡기내과,"결핵 및 항산균폐질환, 만성폐쇄성폐질환",1979-8-20
134,민세채,의료법인 한국암치료재단 서울중입자병원,의원,data,정형외과,"어깨 및 팔꿈치 관절(견·주 관절), 스포츠 손상 및 외상",1990-11-15
135,유우람,에이스한방병원,의원,data,정형외과,"어깨 및 팔꿈치 관절(견·주 관절), 스포츠 손상 및 외상",1978-5-8
136,노오진,수플란트치과병원,의원,data,한방재활의학과,"(한방비만체형클리닉) 부분비만, 소아비만, 산후비만",1977-7-1
137,길공별,마디병원,의원,data,신경외과,"뇌졸중치료, 뇌종양수술, 뇌혈관내중재시술, 뇌혈전용해술",1989-1-11
138,반위실,소화병원(의료법인 소화병원),의원,data,정형외과,"어깨 및 팔꿈치 관절(견·주 관절), 스포츠 손상 및 외상",1988-1-6
139,주길라,메디람한방병원,의원,data,정형외과,"어깨 및 팔꿈치 관절(견·주 관절), 스포츠 손상 및 외상",1982-7-27
140,권예림,실버한방병원,의원,data,한방안이비인후피부과,"여드름, 한방미용시술(매선, 미용침), 성형수술후관리, 아토피피부염",1971-11-14
141,여솜나,밀레니엄치과병원,의원,data,호흡기내과,"결핵 및 항산균폐질환, 만성폐쇄성폐질환",1989-6-30
142,신휘보,서울석병원,의원,data,한방안이비인후피부과,"여드름, 한방미용시술(매선, 미용침), 성형수술후관리, 아토피피부염",1972-6-30
143,주원보,의료법인 춘혜의료재단 명지춘혜재활병원,의원,data,한방안이비인후피부과,"여드름, 한방미용시술(매선, 미용침), 성형수술후관리, 아토피피부염",1970-10-30
144,고나춘,건강한세상앞선치과병원,의원,data,이비인후과,"알레르기비염, 축농증수술, 비과질환, 편도질환, 소아이비인후과",1971-9-4
145,석련배,희명병원,의원,data,한방안이비인후피부과,"여드름, 한방미용시술(매선, 미용침), 성형수술후관리, 아토피피부염",1978-11-13
146,신무련,청담병원,의원,data,한방재활의학과,"(한방비만체형클리닉) 부분비만, 소아비만, 산후비만",1988-11-1
147,김악경,예치과병원,의원,data,한방재활의학과,"(한방비만체형클리닉) 부분비만, 소아비만, 산후비만",1973-6-20
148,모분덕,에이치플러스 양지병원,의원,data,한방안이비인후피부과,"여드름, 한방미용시술(매선, 미용침), 성형수술후관리, 아토피피부염",1979-4-29
149,유웅분,강남센트럴요양병원,의원,data,한방안이비인후피부과,"여드름, 한방미용시술(매선, 미용침), 성형수술후관리, 아토피피부염",1985-1-26
150,허회아,서울바로나치과병원,의원,data,정형외과,"어깨 및 팔꿈치 관절(견·주 관절), 스포츠 손상 및 외상",1970-2-2
151,유솔식,마포요양병원,의원,data,정형외과,"어깨 및 팔꿈치 관절(견·주 관절), 스포츠 손상 및 외상",1973-9-14
152,인반병,제아치과병원,의원,data,이비인후과,"알레르기비염, 축농증수술, 비과질환, 편도질환, 소아이비인후과",1978-10-27
153,용규식,포레스트한방병원,의원,data,신경외과,"뇌졸중치료, 뇌종양수술, 뇌혈관내중재시술, 뇌혈전용해술",1988-11-18
154,임두손,중앙대학교병원,의원,data,이비인후과,"알레르기비염, 축농증수술, 비과질환, 편도질환, 소아이비인후과",1980-11-18
155,길부사,한강수병원,의원,data,한방재활의학과,"(한방비만체형클리닉) 부분비만, 소아비만, 산후비만",1970-4-25
156,심분새,허리나은병원,의원,data,한방재활의학과,"(한방비만체형클리닉) 부분비만, 소아비만, 산후비만",1972-6-27
157,진탐흔,우리들병원,의원,data,신경외과,"뇌졸중치료, 뇌종양수술, 뇌혈관내중재시술, 뇌혈전용해술",1983-11-20
158,소숙한,서울동인병원,의원,data,정형외과,"어깨 및 팔꿈치 관절(견·주 관절), 스포츠 손상 및 외상",1990-2-24
159,명오시,동부참사랑요양병원,의원,data,정형외과,"어깨 및 팔꿈치 관절(견·주 관절), 스포츠 손상 및 외상",1979-3-17
160,김승늘,대림요양병원,의원,data,이비인후과,"알레르기비염, 축농증수술, 비과질환, 편도질환, 소아이비인후과",1981-2-29
161,이형중,보문효사랑요양병원,의원,data,호흡기내과,"결핵 및 항산균폐질환, 만성폐쇄성폐질환",1976-3-16
162,권창래,프리허그한방병원,의원,data,이비인후과,"알레르기비염, 축농증수술, 비과질환, 편도질환, 소아이비인후과",1978-5-15
163,염령균,강동모커리한방병원,의원,data,정형외과,"어깨 및 팔꿈치 관절(견·주 관절), 스포츠 손상 및 외상",1976-10-11
164,양운롱,연세무척나은병원,의원,data,정형외과,"어깨 및 팔꿈치 관절(견·주 관절), 스포츠 손상 및 외상",1986-3-16
165,표휴평,노블케어요양병원,의원,data,한방재활의학과,"(한방비만체형클리닉) 부분비만, 소아비만, 산후비만",1973-11-19
166,홍율천,의료법인 일명의료재단 승리한방병원,의원,data,한방안이비인후피부과,"여드름, 한방미용시술(매선, 미용침), 성형수술후관리, 아토피피부염",1974-1-29
167,소천예,한그루치과병원,의원,data,정형외과,"어깨 및 팔꿈치 관절(견·주 관절), 스포츠 손상 및 외상",1976-10-18
168,장정을,광진구의한방병원,의원,data,정형외과,"어깨 및 팔꿈치 관절(견·주 관절), 스포츠 손상 및 외상",1981-6-11
169,노길탐,코리아병원,의원,data,호흡기내과,"결핵 및 항산균폐질환, 만성폐쇄성폐질환",1986-9-16
170,김다린,자닮인요양병원,의원,data,한방안이비인후피부과,"여드름, 한방미용시술(매선, 미용침), 성형수술후관리, 아토피피부염",1989-5-26
171,유린다,성애의료재단 성애병원,의원,data,신경외과,"뇌졸중치료, 뇌종양수술, 뇌혈관내중재시술, 뇌혈전용해술",1986-3-3
172,정선충,예닮요양병원,의원,data,한방재활의학과,"(한방비만체형클리닉) 부분비만, 소아비만, 산후비만",1981-1-2
173,김흥노,메르덴치과병원,의원,data,이비인후과,"알레르기비염, 축농증수술, 비과질환, 편도질환, 소아이비인후과",1990-8-10
174,육묵반,혜민병원,의원,data,한방재활의학과,"(한방비만체형클리닉) 부분비만, 소아비만, 산후비만",1982-8-2
175,장려휘,부민병원,의원,data,정형외과,"어깨 및 팔꿈치 관절(견·주 관절), 스포츠 손상 및 외상",1979-1-3
176,진근춘,지앤지병원,의원,data,한방안이비인후피부과,"여드름, 한방미용시술(매선, 미용침), 성형수술후관리, 아토피피부염",1971-8-11
177,백인사,유치과병원,의원,data,정형외과,"어깨 및 팔꿈치 관절(견·주 관절), 스포츠 손상 및 외상",1984-5-13
178,이바지,아카시아병원,의원,data,한방안이비인후피부과,"여드름, 한방미용시술(매선, 미용침), 성형수술후관리, 아토피피부염",1970-3-23
179,주희디,의료법인다나의료재단구로다나병원,의원,data,한방안이비인후피부과,"여드름, 한방미용시술(매선, 미용침), 성형수술후관리, 아토피피부염",1985-2-11
180,방춘구,관악서울대학교치과병원,의원,data,한방안이비인후피부과,"여드름, 한방미용시술(매선, 미용침), 성형수술후관리, 아토피피부염",1971-6-14
181,공시혁,효림요양병원,의원,data,호흡기내과,"결핵 및 항산균폐질환, 만성폐쇄성폐질환",1988-9-8
182,최오문,인애가한방병원,의원,data,이비인후과,"알레르기비염, 축농증수술, 비과질환, 편도질환, 소아이비인후과",1971-8-29
183,채흔남,모나리자요양병원,의원,data,정형외과,"어깨 및 팔꿈치 관절(견·주 관절), 스포츠 손상 및 외상",1973-10-14
184,엄고형,의료법인 어울림의료재단 정성요양병원,의원,data,한방안이비인후피부과,"여드름, 한방미용시술(매선, 미용침), 성형수술후관리, 아토피피부염",1987-3-19
185,육종익,서울바른병원,의원,data,한방안이비인후피부과,"여드름, 한방미용시술(매선, 미용침), 성형수술후관리, 아토피피부염",1980-4-5
186,변향덕,자생한방병원,의원,data,이비인후과,"알레르기비염, 축농증수술, 비과질환, 편도질환, 소아이비인후과",1987-9-26
187,표욱단,더청담병원,의원,data,한방재활의학과,"(한방비만체형클리닉) 부분비만, 소아비만, 산후비만",1978-4-9
188,박악욱,리본병원,의원,data,한방안이비인후피부과,"여드름, 한방미용시술(매선, 미용침), 성형수술후관리, 아토피피부염",1972-4-3
189,원삼을,효인요양병원,의원,data,한방안이비인후피부과,"여드름, 한방미용시술(매선, 미용침), 성형수술후관리, 아토피피부염",1981-2-14
190,송휴섬,강남힘찬병원,의원,data,이비인후과,"알레르기비염, 축농증수술, 비과질환, 편도질환, 소아이비인후과",1989-6-15
191,왕이탐,강남초이스정형외과병원,의원,data,이비인후과,"알레르기비염, 축농증수술, 비과질환, 편도질환, 소아이비인후과",1978-10-27
192,노곤묵,강동우리들요양병원,의원,data,한방재활의학과,"(한방비만체형클리닉) 부분비만, 소아비만, 산후비만",1986-4-23
193,지하시,동인당효요양병원,의원,data,호흡기내과,"결핵 및 항산균폐질환, 만성폐쇄성폐질환",1979-1-4
194,권추송,서울치과병원,의원,data,한방재활의학과,"(한방비만체형클리닉) 부분비만, 소아비만, 산후비만",1979-10-19
195,유섬분,강서필병원,의원,data,한방재활의학과,"(한방비만체형클리닉) 부분비만, 소아비만, 산후비만",1970-10-13
196,육권사,동부센트럴요양병원,의원,data,정형외과,"어깨 및 팔꿈치 관절(견·주 관절), 스포츠 손상 및 외상",1983-10-20
197,기현을,치유본한방병원,의원,data,한방안이비인후피부과,"여드름, 한방미용시술(매선, 미용침), 성형수술후관리, 아토피피부염",1985-2-26
198,제악순,씨엠병원,의원,data,신경외과,"뇌졸중치료, 뇌종양수술, 뇌혈관내중재시술, 뇌혈전용해술",1990-3-27
199,모명회,연세사랑모아여성병원,의원,data,이비인후과,"알레르기비염, 축농증수술, 비과질환, 편도질환, 소아이비인후과",1990-4-21
200,전유향,씨티칼리지요양병원,의원,data,한방재활의학과,"(한방비만체형클리닉) 부분비만, 소아비만, 산후비만",1985-1-4
201,강엄련,예림치과병원,의원,data,한방재활의학과,"(한방비만체형클리닉) 부분비만, 소아비만, 산후비만",1979-6-4
202,원균악,기쁨병원,의원,data,한방안이비인후피부과,"여드름, 한방미용시술(매선, 미용침), 성형수술후관리, 아토피피부염",1976-5-5
203,신건조,베스필치과병원,의원,data,한방안이비인후피부과,"여드름, 한방미용시술(매선, 미용침), 성형수술후관리, 아토피피부염",1986-9-21
204,노중탁,동서융합병원,의원,data,정형외과,"어깨 및 팔꿈치 관절(견·주 관절), 스포츠 손상 및 외상",1990-12-9
205,지윤율,서울적십자병원,의원,data,정형외과,"어깨 및 팔꿈치 관절(견·주 관절), 스포츠 손상 및 외상",1982-1-9
206,공바승,신촌다인치과병원,의원,data,정형외과,"어깨 및 팔꿈치 관절(견·주 관절), 스포츠 손상 및 외상",1989-1-30
207,이현라,강남위담한방병원,의원,data,이비인후과,"알레르기비염, 축농증수술, 비과질환, 편도질환, 소아이비인후과",1981-10-1
208,여훈예,미즈메디병원,의원,data,정형외과,"어깨 및 팔꿈치 관절(견·주 관절), 스포츠 손상 및 외상",1978-3-2
209,나건추,강서사랑요양병원,의원,data,호흡기내과,"결핵 및 항산균폐질환, 만성폐쇄성폐질환",1987-8-10
210,백루치,미래드림여성병원,의원,data,한방안이비인후피부과,"여드름, 한방미용시술(매선, 미용침), 성형수술후관리, 아토피피부염",1978-11-24
211,염옥건,서울그린치과병원,의원,data,한방안이비인후피부과,"여드름, 한방미용시술(매선, 미용침), 성형수술후관리, 아토피피부염",1971-7-22
212,설황휘,청병원,의원,data,한방재활의학과,"(한방비만체형클리닉) 부분비만, 소아비만, 산후비만",1980-10-2
213,어잔규,하늘병원,의원,data,정형외과,"어깨 및 팔꿈치 관절(견·주 관절), 스포츠 손상 및 외상",1981-3-9
214,진덕열,사람사랑치과병원,의원,data,한방안이비인후피부과,"여드름, 한방미용시술(매선, 미용침), 성형수술후관리, 아토피피부염",1977-3-13
215,윤동근,강동경희대학교치과병원,의원,data,정형외과,"어깨 및 팔꿈치 관절(견·주 관절), 스포츠 손상 및 외상",1985-12-17
216,심디늬,재단법인베스티안재단베스티안서울병원,의원,data,한방안이비인후피부과,"여드름, 한방미용시술(매선, 미용침), 성형수술후관리, 아토피피부염",1987-11-1
217,한민로,이엔이치과병원,의원,data,한방재활의학과,"(한방비만체형클리닉) 부분비만, 소아비만, 산후비만",1986-11-25
218,위분순,미니쉬치과병원,의원,data,신경외과,"뇌졸중치료, 뇌종양수술, 뇌혈관내중재시술, 뇌혈전용해술",1986-4-7
219,황삼훔,채원자연통합병원,의원,data,한방재활의학과,"(한방비만체형클리닉) 부분비만, 소아비만, 산후비만",1973-12-4
220,송장들,사랑플러스병원,의원,data,정형외과,"어깨 및 팔꿈치 관절(견·주 관절), 스포츠 손상 및 외상",1982-2-5
221,임호수,강남지인병원,의원,data,신경외과,"뇌졸중치료, 뇌종양수술, 뇌혈관내중재시술, 뇌혈전용해술",1988-4-10
222,변봉호,의료법인마리아의료재단마리아병원,의원,data,한방안이비인후피부과,"여드름, 한방미용시술(매선, 미용침), 성형수술후관리, 아토피피부염",1971-9-23
223,변걸태,성지병원,의원,data,한방안이비인후피부과,"여드름, 한방미용시술(매선, 미용침), 성형수술후관리, 아토피피부염",1984-7-4
224,원엽회,브레인요양병원,의원,data,호흡기내과,"결핵 및 항산균폐질환, 만성폐쇄성폐질환",1973-4-9
225,하단으,유아이씨시카고 치과병원,의원,data,한방안이비인후피부과,"여드름, 한방미용시술(매선, 미용침), 성형수술후관리, 아토피피부염",1974-10-5
226,여호숭,한림대학교 한강성심병원,의원,data,한방재활의학과,"(한방비만체형클리닉) 부분비만, 소아비만, 산후비만",1975-8-27
227,천오울,목동아이엠치과병원,의원,data,한방재활의학과,"(한방비만체형클리닉) 부분비만, 소아비만, 산후비만",1970-5-14
228,여희석,강동성모요양병원,의원,data,정형외과,"어깨 및 팔꿈치 관절(견·주 관절), 스포츠 손상 및 외상",1983-11-1
229,모운무,가자연세병원,의원,data,호흡기내과,"결핵 및 항산균폐질환, 만성폐쇄성폐질환",1984-5-17
230,이관범,오산당요양병원,의원,data,한방재활의학과,"(한방비만체형클리닉) 부분비만, 소아비만, 산후비만",1970-6-23
231,명솔설,한국보훈복지의료공단 중앙보훈병원,의원,data,한방재활의학과,"(한방비만체형클리닉) 부분비만, 소아비만, 산후비만",1975-8-25
232,유영고,자이비뇨기과병원,의원,data,이비인후과,"알레르기비염, 축농증수술, 비과질환, 편도질환, 소아이비인후과",1981-11-6
233,한건루,참포도나무병원,의원,data,한방안이비인후피부과,"여드름, 한방미용시술(매선, 미용침), 성형수술후관리, 아토피피부염",1975-1-27
234,장옥고,강동경희대학교한방병원,의원,data,정형외과,"어깨 및 팔꿈치 관절(견·주 관절), 스포츠 손상 및 외상",1975-7-2
235,손양수,투데이치과병원,의원,data,한방안이비인후피부과,"여드름, 한방미용시술(매선, 미용침), 성형수술후관리, 아토피피부염",1975-8-17
236,국준혼,비에비스나무병원,의원,data,이비인후과,"알레르기비염, 축농증수술, 비과질환, 편도질환, 소아이비인후과",1986-4-13
237,전양수,뉴서울성모요양병원,의원,data,한방재활의학과,"(한방비만체형클리닉) 부분비만, 소아비만, 산후비만",1986-1-12
238,양양모,고은빛여성병원,의원,data,한방재활의학과,"(한방비만체형클리닉) 부분비만, 소아비만, 산후비만",1990-10-4
239,차자보,국립정신건강센터,의원,data,정형외과,"어깨 및 팔꿈치 관절(견·주 관절), 스포츠 손상 및 외상",1983-2-5
240,진항신,참바른병원,의원,data,정형외과,"어깨 및 팔꿈치 관절(견·주 관절), 스포츠 손상 및 외상",1987-6-28
241,마한원,이솝한방병원,의원,data,한방안이비인후피부과,"여드름, 한방미용시술(매선, 미용침), 성형수술후관리, 아토피피부염",1974-3-13
242,김성웅,재단법인자생의료재단목동자생한방병원,의원,data,한방재활의학과,"(한방비만체형클리닉) 부분비만, 소아비만, 산후비만",1974-1-15
243,연번황,강서연세병원,의원,data,정형외과,"어깨 및 팔꿈치 관절(견·주 관절), 스포츠 손상 및 외상",1980-4-10
244,현석종,명지성모병원,의원,data,한방안이비인후피부과,"여드름, 한방미용시술(매선, 미용침), 성형수술후관리, 아토피피부염",1989-1-19
245,연울흥,서울특별시어린이병원,의원,data,한방안이비인후피부과,"여드름, 한방미용시술(매선, 미용침), 성형수술후관리, 아토피피부염",1989-4-27
246,표경건,사과나무치과병원,의원,data,한방안이비인후피부과,"여드름, 한방미용시술(매선, 미용침), 성형수술후관리, 아토피피부염",1970-8-15
247,홍애면,의료법인 제일의료재단 제일병원,의원,data,정형외과,"어깨 및 팔꿈치 관절(견·주 관절), 스포츠 손상 및 외상",1983-10-20
248,손랑민,이건목원리한방병원,의원,data,한방안이비인후피부과,"여드름, 한방미용시술(매선, 미용침), 성형수술후관리, 아토피피부염",1982-2-30
249,양전산,동부병원,의원,data,정형외과,"어깨 및 팔꿈치 관절(견·주 관절), 스포츠 손상 및 외상",1990-7-7
250,표안항,서초프라임요양병원,의원,data,한방안이비인후피부과,"여드름, 한방미용시술(매선, 미용침), 성형수술후관리, 아토피피부염",1990-1-26
251,정사견,기쁨정원치과병원,의원,data,한방안이비인후피부과,"여드름, 한방미용시술(매선, 미용침), 성형수술후관리, 아토피피부염",1976-4-8
252,우비옥,선수촌병원,의원,data,신경외과,"뇌졸중치료, 뇌종양수술, 뇌혈관내중재시술, 뇌혈전용해술",1989-8-7
253,도환예,새길병원,의원,data,한방재활의학과,"(한방비만체형클리닉) 부분비만, 소아비만, 산후비만",1984-6-18
254,지구언,목동힘찬병원,의원,data,한방재활의학과,"(한방비만체형클리닉) 부분비만, 소아비만, 산후비만",1977-2-12
255,기애자,아이토마토한방병원,의원,data,정형외과,"어깨 및 팔꿈치 관절(견·주 관절), 스포츠 손상 및 외상",1989-5-18
256,천송수,닥터김앤박요양병원,의원,data,한방재활의학과,"(한방비만체형클리닉) 부분비만, 소아비만, 산후비만",1983-12-27
257,신선욱,대윤한방병원,의원,data,신경외과,"뇌졸중치료, 뇌종양수술, 뇌혈관내중재시술, 뇌혈전용해술",1971-12-20
258,장미시,강동제일병원,의원,data,한방재활의학과,"(한방비만체형클리닉) 부분비만, 소아비만, 산후비만",1981-10-23
259,유휴뜸,(의)가산의료재단 광동한방병원,의원,data,신경외과,"뇌졸중치료, 뇌종양수술, 뇌혈관내중재시술, 뇌혈전용해술",1985-1-17
260,최장란,왕십리휴요양병원,의원,data,호흡기내과,"결핵 및 항산균폐질환, 만성폐쇄성폐질환",1986-4-22
261,안곤장,서울복지병원,의원,data,한방안이비인후피부과,"여드름, 한방미용시술(매선, 미용침), 성형수술후관리, 아토피피부염",1978-4-1
262,조근헌,서울양병원,의원,data,한방재활의학과,"(한방비만체형클리닉) 부분비만, 소아비만, 산후비만",1979-8-28
263,구선로,엘더스요양병원,의원,data,정형외과,"어깨 및 팔꿈치 관절(견·주 관절), 스포츠 손상 및 외상",1975-11-9
264,주택신,요나한방병원,의원,data,한방안이비인후피부과,"여드름, 한방미용시술(매선, 미용침), 성형수술후관리, 아토피피부염",1982-6-26
265,구승건,강서송도병원,의원,data,정형외과,"어깨 및 팔꿈치 관절(견·주 관절), 스포츠 손상 및 외상",1972-10-11
266,현가길,뉴연세여성병원,의원,data,한방안이비인후피부과,"여드름, 한방미용시술(매선, 미용침), 성형수술후관리, 아토피피부염",1971-3-24
267,신성섬,편안한요양병원,의원,data,한방재활의학과,"(한방비만체형클리닉) 부분비만, 소아비만, 산후비만",1977-10-30
268,탁래순,청아치과병원,의원,data,한방안이비인후피부과,"여드름, 한방미용시술(매선, 미용침), 성형수술후관리, 아토피피부염",1981-8-26
269,천익헌,서울원광한방병원,의원,data,한방재활의학과,"(한방비만체형클리닉) 부분비만, 소아비만, 산후비만",1982-1-30
270,설량웅,건국대학교병원,의원,data,한방재활의학과,"(한방비만체형클리닉) 부분비만, 소아비만, 산후비만",1974-10-7
271,구위규,대림성모병원,의원,data,한방안이비인후피부과,"여드름, 한방미용시술(매선, 미용침), 성형수술후관리, 아토피피부염",1970-1-30
272,오공식,느루요양병원,의원,data,한방재활의학과,"(한방비만체형클리닉) 부분비만, 소아비만, 산후비만",1974-3-21
273,심효온,네오메디플러스치과병원,의원,data,정형외과,"어깨 및 팔꿈치 관절(견·주 관절), 스포츠 손상 및 외상",1981-10-12
274,탁정범,한누리치과병원,의원,data,정형외과,"어깨 및 팔꿈치 관절(견·주 관절), 스포츠 손상 및 외상",1986-2-25
275,은문황,그린치과병원,의원,data,한방안이비인후피부과,"여드름, 한방미용시술(매선, 미용침), 성형수술후관리, 아토피피부염",1979-8-10
276,진천재,길인의료재단 기린한방병원,의원,data,신경외과,"뇌졸중치료, 뇌종양수술, 뇌혈관내중재시술, 뇌혈전용해술",1971-7-26
277,오솜래,재단법인 동국한방병원,의원,data,한방안이비인후피부과,"여드름, 한방미용시술(매선, 미용침), 성형수술후관리, 아토피피부염",1987-12-27
278,홍걸판,참요양병원,의원,data,정형외과,"어깨 및 팔꿈치 관절(견·주 관절), 스포츠 손상 및 외상",1974-1-20
279,명리흠,네모치과병원,의원,data,정형외과,"어깨 및 팔꿈치 관절(견·주 관절), 스포츠 손상 및 외상",1978-9-18
280,우판후,영동병원,의원,data,정형외과,"어깨 및 팔꿈치 관절(견·주 관절), 스포츠 손상 및 외상",1983-4-13
281,어호묵,의료법인 인봉의료재단 영등포병원,의원,data,한방재활의학과,"(한방비만체형클리닉) 부분비만, 소아비만, 산후비만",1976-10-28
282,오래변,서울특별시장애인치과병원,의원,data,정형외과,"어깨 및 팔꿈치 관절(견·주 관절), 스포츠 손상 및 외상",1977-9-17
283,은두온,해달한방병원,의원,data,한방안이비인후피부과,"여드름, 한방미용시술(매선, 미용침), 성형수술후관리, 아토피피부염",1971-6-8
284,강송가,튼튼병원,의원,data,한방재활의학과,"(한방비만체형클리닉) 부분비만, 소아비만, 산후비만",1985-12-16
285,차웅보,포샤르치과병원,의원,data,한방안이비인후피부과,"여드름, 한방미용시술(매선, 미용침), 성형수술후관리, 아토피피부염",1988-6-9
286,진누원,튼튼병원,의원,data,한방재활의학과,"(한방비만체형클리닉) 부분비만, 소아비만, 산후비만",1985-3-10
287,주석수,국립중앙의료원,의원,data,정형외과,"어깨 및 팔꿈치 관절(견·주 관절), 스포츠 손상 및 외상",1986-11-13
288,민동안,석플란트치과병원,의원,data,한방재활의학과,"(한방비만체형클리닉) 부분비만, 소아비만, 산후비만",1971-12-8
289,정회광,학교법인대진교육재단 제인병원,의원,data,정형외과,"어깨 및 팔꿈치 관절(견·주 관절), 스포츠 손상 및 외상",1980-10-17
290,강하산,조인트힐병원,의원,data,한방안이비인후피부과,"여드름, 한방미용시술(매선, 미용침), 성형수술후관리, 아토피피부염",1989-12-11
291,전송울,서울대학교병원,의원,data,호흡기내과,"결핵 및 항산균폐질환, 만성폐쇄성폐질환",1986-4-25
292,남준더,독일웰치과병원,의원,data,한방안이비인후피부과,"여드름, 한방미용시술(매선, 미용침), 성형수술후관리, 아토피피부염",1980-9-22
293,조기제,강서효요양병원,의원,data,한방안이비인후피부과,"여드름, 한방미용시술(매선, 미용침), 성형수술후관리, 아토피피부염",1987-7-28
294,허월솜,솔병원,의원,data,호흡기내과,"결핵 및 항산균폐질환, 만성폐쇄성폐질환",1978-6-4
295,연경뜸,세바른병원,의원,data,한방안이비인후피부과,"여드름, 한방미용시술(매선, 미용침), 성형수술후관리, 아토피피부염",1982-2-1
296,한타모,송파새희망요양병원,의원,data,한방안이비인후피부과,"여드름, 한방미용시술(매선, 미용침), 성형수술후관리, 아토피피부염",1981-4-9
297,금배오,올림픽병원,의원,data,이비인후과,"알레르기비염, 축농증수술, 비과질환, 편도질환, 소아이비인후과",1973-3-4
298,국부산,의료법인정애의료재단서울초이스병원,의원,data,한방재활의학과,"(한방비만체형클리닉) 부분비만, 소아비만, 산후비만",1985-5-18
299,문호직,서울대효병원,의원,data,한방안이비인후피부과,"여드름, 한방미용시술(매선, 미용침), 성형수술후관리, 아토피피부염",1971-3-19
300,석고노,구로한방병원,의원,data,한방안이비인후피부과,"여드름, 한방미용시술(매선, 미용침), 성형수술후관리, 아토피피부염",1982-9-10
301,진열들,송파병원,의원,data,한방안이비인후피부과,"여드름, 한방미용시술(매선, 미용침), 성형수술후관리, 아토피피부염",1990-12-14
302,탁익인,대항병원,의원,data,한방안이비인후피부과,"여드름, 한방미용시술(매선, 미용침), 성형수술후관리, 아토피피부염",1986-12-5
303,용만재,에스(S)리더치과병원,의원,data,한방재활의학과,"(한방비만체형클리닉) 부분비만, 소아비만, 산후비만",1973-12-12
304,황가문,동대문요양병원,의원,data,호흡기내과,"결핵 및 항산균폐질환, 만성폐쇄성폐질환",1982-8-11
305,송기잔,건양의료재단 김안과병원,의원,data,신경외과,"뇌졸중치료, 뇌종양수술, 뇌혈관내중재시술, 뇌혈전용해술",1982-7-15
306,원공승,목동제일여성병원,의원,data,한방재활의학과,"(한방비만체형클리닉) 부분비만, 소아비만, 산후비만",1973-7-9
307,문모진,을지치과병원,의원,data,정형외과,"어깨 및 팔꿈치 관절(견·주 관절), 스포츠 손상 및 외상",1981-3-27
308,모엄솔,송파그랜드요양병원,의원,data,한방안이비인후피부과,"여드름, 한방미용시술(매선, 미용침), 성형수술후관리, 아토피피부염",1983-10-8
309,주혜전,의료법인일맥의료재단 인애가요양병원,의원,data,이비인후과,"알레르기비염, 축농증수술, 비과질환, 편도질환, 소아이비인후과",1983-12-24
310,왕학위,조은마디병원,의원,data,한방재활의학과,"(한방비만체형클리닉) 부분비만, 소아비만, 산후비만",1978-10-24
311,엄만광,바른본병원,의원,data,정형외과,"어깨 및 팔꿈치 관절(견·주 관절), 스포츠 손상 및 외상",1989-5-12
312,변문보,사랑요양병원,의원,data,호흡기내과,"결핵 및 항산균폐질환, 만성폐쇄성폐질환",1985-7-20
313,신무여,제니스병원,의원,data,정형외과,"어깨 및 팔꿈치 관절(견·주 관절), 스포츠 손상 및 외상",1975-6-28
314,변시곤,시온요양병원,의원,data,정형외과,"어깨 및 팔꿈치 관절(견·주 관절), 스포츠 손상 및 외상",1984-10-4
315,변회혜,리안요양병원,의원,data,한방재활의학과,"(한방비만체형클리닉) 부분비만, 소아비만, 산후비만",1970-9-7
316,전겸량,더와이즈치과병원,의원,data,정형외과,"어깨 및 팔꿈치 관절(견·주 관절), 스포츠 손상 및 외상",1976-3-25
317,명춘엽,세솟는정형외과병원,의원,data,정형외과,"어깨 및 팔꿈치 관절(견·주 관절), 스포츠 손상 및 외상",1979-10-29
318,원영태,금천수요양병원,의원,data,한방안이비인후피부과,"여드름, 한방미용시술(매선, 미용침), 성형수술후관리, 아토피피부염",1981-8-3
319,황충두,소우주요양병원,의원,data,한방안이비인후피부과,"여드름, 한방미용시술(매선, 미용침), 성형수술후관리, 아토피피부염",1983-4-23
320,도혁섬,학교법인연세대학교치과대학치과병원,의원,data,정형외과,"어깨 및 팔꿈치 관절(견·주 관절), 스포츠 손상 및 외상",1979-11-7
321,길빈서,네모치과병원(명동점),의원,data,정형외과,"어깨 및 팔꿈치 관절(견·주 관절), 스포츠 손상 및 외상",1985-5-5
322,남람권,따뜻한치과병원,의원,data,한방안이비인후피부과,"여드름, 한방미용시술(매선, 미용침), 성형수술후관리, 아토피피부염",1986-4-23
323,추정월,네모치과병원,의원,data,이비인후과,"알레르기비염, 축농증수술, 비과질환, 편도질환, 소아이비인후과",1986-7-30
324,강규령,광진예치과병원,의원,data,정형외과,"어깨 및 팔꿈치 관절(견·주 관절), 스포츠 손상 및 외상",1970-12-28
325,선엄예,목동중앙치과병원,의원,data,한방재활의학과,"(한방비만체형클리닉) 부분비만, 소아비만, 산후비만",1977-10-4
326,노충용,신촌연세병원,의원,data,정형외과,"어깨 및 팔꿈치 관절(견·주 관절), 스포츠 손상 및 외상",1987-2-25
327,백빈루,목동성모요양병원,의원,data,한방재활의학과,"(한방비만체형클리닉) 부분비만, 소아비만, 산후비만",1986-8-17
328,성하단,의료법인제민의료재단동서병원,의원,data,정형외과,"어깨 및 팔꿈치 관절(견·주 관절), 스포츠 손상 및 외상",1977-4-17
329,은운숭,산치과병원,의원,data,호흡기내과,"결핵 및 항산균폐질환, 만성폐쇄성폐질환",1972-3-1
330,여반의,재단법인자생의료재단잠실자생한방병원,의원,data,신경외과,"뇌졸중치료, 뇌종양수술, 뇌혈관내중재시술, 뇌혈전용해술",1990-11-13
331,고악익,한성한방병원,의원,data,이비인후과,"알레르기비염, 축농증수술, 비과질환, 편도질환, 소아이비인후과",1983-11-3
332,선늬실,호산여성병원,의원,data,한방재활의학과,"(한방비만체형클리닉) 부분비만, 소아비만, 산후비만",1970-5-22
333,곽숙만,사회복지법인소원의항구로뎀노인전문병원,의원,data,정형외과,"어깨 및 팔꿈치 관절(견·주 관절), 스포츠 손상 및 외상",1976-5-29
334,안황보,새움병원,의원,data,한방안이비인후피부과,"여드름, 한방미용시술(매선, 미용침), 성형수술후관리, 아토피피부염",1979-9-9
335,길제다,서울현대요양병원,의원,data,정형외과,"어깨 및 팔꿈치 관절(견·주 관절), 스포츠 손상 및 외상",1983-2-14
336,신랑배,서울특별시 동부병원,의원,data,호흡기내과,"결핵 및 항산균폐질환, 만성폐쇄성폐질환",1990-1-8
337,유람하,수치과병원,의원,data,한방안이비인후피부과,"여드름, 한방미용시술(매선, 미용침), 성형수술후관리, 아토피피부염",1983-4-4
338,허로면,함춘요양병원,의원,data,한방안이비인후피부과,"여드름, 한방미용시술(매선, 미용침), 성형수술후관리, 아토피피부염",1981-2-20
339,곽열바,서울대윤병원,의원,data,신경외과,"뇌졸중치료, 뇌종양수술, 뇌혈관내중재시술, 뇌혈전용해술",1987-12-21
340,소만이,은천요양병원,의원,data,한방안이비인후피부과,"여드름, 한방미용시술(매선, 미용침), 성형수술후관리, 아토피피부염",1986-10-4
341,유만담,솔빛한방병원,의원,data,신경외과,"뇌졸중치료, 뇌종양수술, 뇌혈관내중재시술, 뇌혈전용해술",1975-11-20
342,차택균,남기세병원,의원,data,한방재활의학과,"(한방비만체형클리닉) 부분비만, 소아비만, 산후비만",1976-9-22
343,인려홍,강남효요양병원,의원,data,한방안이비인후피부과,"여드름, 한방미용시술(매선, 미용침), 성형수술후관리, 아토피피부염",1985-9-3
344,탁섭언,서울외과병원,의원,data,한방안이비인후피부과,"여드름, 한방미용시술(매선, 미용침), 성형수술후관리, 아토피피부염",1975-1-3
345,성자훈,서울숭인병원,의원,data,호흡기내과,"결핵 및 항산균폐질환, 만성폐쇄성폐질환",1974-10-23
346,주용환,튼튼병원,의원,data,한방재활의학과,"(한방비만체형클리닉) 부분비만, 소아비만, 산후비만",1988-8-13
347,구의충,마루치과병원,의원,data,이비인후과,"알레르기비염, 축농증수술, 비과질환, 편도질환, 소아이비인후과",1986-8-14
348,은빛웅,강남수병원,의원,data,이비인후과,"알레르기비염, 축농증수술, 비과질환, 편도질환, 소아이비인후과",1989-4-1
349,맹조권,의료법인 씨티의료재단 씨티병원,의원,data,한방안이비인후피부과,"여드름, 한방미용시술(매선, 미용침), 성형수술후관리, 아토피피부염",1976-9-28
350,진판반,내이처럼치과병원,의원,data,한방안이비인후피부과,"여드름, 한방미용시술(매선, 미용침), 성형수술후관리, 아토피피부염",1974-3-9
351,성백경,강남의림한방병원,의원,data,한방안이비인후피부과,"여드름, 한방미용시술(매선, 미용침), 성형수술후관리, 아토피피부염",1980-7-11
352,김형호,재단법인한국산업보건환경연구소부설 해상병원,의원,data,이비인후과,"알레르기비염, 축농증수술, 비과질환, 편도질환, 소아이비인후과",1973-8-16
353,마강분,인애가송파한방병원,의원,data,한방안이비인후피부과,"여드름, 한방미용시술(매선, 미용침), 성형수술후관리, 아토피피부염",1977-9-26
354,명노월,프라임병원,의원,data,정형외과,"어깨 및 팔꿈치 관절(견·주 관절), 스포츠 손상 및 외상",1971-11-30
355,우오노,강남베드로병원,의원,data,한방안이비인후피부과,"여드름, 한방미용시술(매선, 미용침), 성형수술후관리, 아토피피부염",1974-9-18
356,정원걸,참푸른병원,의원,data,한방안이비인후피부과,"여드름, 한방미용시술(매선, 미용침), 성형수술후관리, 아토피피부염",1977-7-20
357,전라비,강동한방병원,의원,data,정형외과,"어깨 및 팔꿈치 관절(견·주 관절), 스포츠 손상 및 외상",1982-3-19
358,정람탐,정동병원,의원,data,이비인후과,"알레르기비염, 축농증수술, 비과질환, 편도질환, 소아이비인후과",1987-10-21
359,왕용장,새빛요양병원,의원,data,정형외과,"어깨 및 팔꿈치 관절(견·주 관절), 스포츠 손상 및 외상",1974-3-18
360,노원송,새희망의료생활협동조합 어울림요양병원,의원,data,정형외과,"어깨 및 팔꿈치 관절(견·주 관절), 스포츠 손상 및 외상",1975-6-1
361,손뜸곤,서울프라임병원,의원,data,한방재활의학과,"(한방비만체형클리닉) 부분비만, 소아비만, 산후비만",1979-2-7
362,곽조송,강남센트럴요양병원,의원,data,한방안이비인후피부과,"여드름, 한방미용시술(매선, 미용침), 성형수술후관리, 아토피피부염",1982-10-24
363,함잔중,의료법인 덕수의료재단 영등포한방병원,의원,data,신경외과,"뇌졸중치료, 뇌종양수술, 뇌혈관내중재시술, 뇌혈전용해술",1981-6-5
364,선묵하,에스플란트치과병원,의원,data,한방재활의학과,"(한방비만체형클리닉) 부분비만, 소아비만, 산후비만",1973-9-15
365,노여면,굿모닝요양병원,의원,data,정형외과,"어깨 및 팔꿈치 관절(견·주 관절), 스포츠 손상 및 외상",1981-7-16
366,금충회,가우디치과병원,의원,data,이비인후과,"알레르기비염, 축농증수술, 비과질환, 편도질환, 소아이비인후과",1970-6-18
367,주설묵,녹십자요양병원,의원,data,한방안이비인후피부과,"여드름, 한방미용시술(매선, 미용침), 성형수술후관리, 아토피피부염",1977-10-2
368,정윤백,서울대학교치과병원,의원,data,호흡기내과,"결핵 및 항산균폐질환, 만성폐쇄성폐질환",1976-11-16
369,황려율,누네안과병원,의원,data,한방안이비인후피부과,"여드름, 한방미용시술(매선, 미용침), 성형수술후관리, 아토피피부염",1981-5-17
370,성배잎,에스병원,의원,data,한방안이비인후피부과,"여드름, 한방미용시술(매선, 미용침), 성형수술후관리, 아토피피부염",1975-11-24
371,김균언,서울특별시보라매병원,의원,data,한방안이비인후피부과,"여드름, 한방미용시술(매선, 미용침), 성형수술후관리, 아토피피부염",1970-6-30
372,성바영,염창환병원,의원,data,한방안이비인후피부과,"여드름, 한방미용시술(매선, 미용침), 성형수술후관리, 아토피피부염",1989-10-11
373,박수온,(사) 대한사회복지회 한서병원,의원,data,한방안이비인후피부과,"여드름, 한방미용시술(매선, 미용침), 성형수술후관리, 아토피피부염",1981-7-1
374,나란재,서울센트럴요양병원,의원,data,신경외과,"뇌졸중치료, 뇌종양수술, 뇌혈관내중재시술, 뇌혈전용해술",1970-2-30
375,김태인,서울본브릿지병원,의원,data,한방안이비인후피부과,"여드름, 한방미용시술(매선, 미용침), 성형수술후관리, 아토피피부염",1976-11-8
376,변하손,구로성심병원,의원,data,한방안이비인후피부과,"여드름, 한방미용시술(매선, 미용침), 성형수술후관리, 아토피피부염",1970-5-25
377,옥다림,연세영동요양병원,의원,data,한방재활의학과,"(한방비만체형클리닉) 부분비만, 소아비만, 산후비만",1985-6-15
378,명변봉,제인한방병원,의원,data,정형외과,"어깨 및 팔꿈치 관절(견·주 관절), 스포츠 손상 및 외상",1990-1-16
379,추열기,서울송도병원,의원,data,정형외과,"어깨 및 팔꿈치 관절(견·주 관절), 스포츠 손상 및 외상",1970-8-9
380,공웅학,양천효요양병원,의원,data,한방재활의학과,"(한방비만체형클리닉) 부분비만, 소아비만, 산후비만",1989-7-14
381,신로용,우리들병원,의원,data,정형외과,"어깨 및 팔꿈치 관절(견·주 관절), 스포츠 손상 및 외상",1990-6-9
382,여래누,방화병원,의원,data,호흡기내과,"결핵 및 항산균폐질환, 만성폐쇄성폐질환",1984-7-13
383,강직신,의료법인 우리아이들 의료재단 우리아이들병원,의원,data,한방안이비인후피부과,"여드름, 한방미용시술(매선, 미용침), 성형수술후관리, 아토피피부염",1982-7-16
384,성균솔,홍익병원,의원,data,한방재활의학과,"(한방비만체형클리닉) 부분비만, 소아비만, 산후비만",1990-10-21
385,강흔로,이화여자대학교의과대학부속목동병원,의원,data,한방재활의학과,"(한방비만체형클리닉) 부분비만, 소아비만, 산후비만",1990-3-25
386,황섭변,지앤지병원,의원,data,신경외과,"뇌졸중치료, 뇌종양수술, 뇌혈관내중재시술, 뇌혈전용해술",1978-7-27
387,송출길,재단법인대한스포츠의학재단강남나무병원,의원,data,한방안이비인후피부과,"여드름, 한방미용시술(매선, 미용침), 성형수술후관리, 아토피피부염",1985-5-19
388,정란덕,동서울병원,의원,data,호흡기내과,"결핵 및 항산균폐질환, 만성폐쇄성폐질환",1978-9-16
389,황단현,포레힐요양병원,의원,data,이비인후과,"알레르기비염, 축농증수술, 비과질환, 편도질환, 소아이비인후과",1981-1-26
390,현형이,서울명병원,의원,data,호흡기내과,"결핵 및 항산균폐질환, 만성폐쇄성폐질환",1975-5-1
391,모유백,에이플러스치과병원,의원,data,한방재활의학과,"(한방비만체형클리닉) 부분비만, 소아비만, 산후비만",1987-7-3
392,노타우,순천향대학교 부속 서울병원,의원,data,한방재활의학과,"(한방비만체형클리닉) 부분비만, 소아비만, 산후비만",1977-1-14
393,구걸안,웰튼병원,의원,data,정형외과,"어깨 및 팔꿈치 관절(견·주 관절), 스포츠 손상 및 외상",1977-7-1
394,차산걸,연세바로척병원,의원,data,정형외과,"어깨 및 팔꿈치 관절(견·주 관절), 스포츠 손상 및 외상",1975-12-10
395,노종웅,의료법인성석의료재단동작경희병원,의원,data,이비인후과,"알레르기비염, 축농증수술, 비과질환, 편도질환, 소아이비인후과",1970-3-1
396,변흥연,의료법인장원의료재단송파성모병원,의원,data,한방안이비인후피부과,"여드름, 한방미용시술(매선, 미용침), 성형수술후관리, 아토피피부염",1987-7-26
397,채후중,참바로병원,의원,data,정형외과,"어깨 및 팔꿈치 관절(견·주 관절), 스포츠 손상 및 외상",1990-6-29
398,공치희,민트병원,의원,data,한방안이비인후피부과,"여드름, 한방미용시술(매선, 미용침), 성형수술후관리, 아토피피부염",1990-2-2
399,길시래,재단법인 제중의료복지재단 제중요양병원,의원,data,이비인후과,"알레르기비염, 축농증수술, 비과질환, 편도질환, 소아이비인후과",1971-9-13
400,류삼손,의료법인참예원의료재단 송파참노인전문병원,의원,data,이비인후과,"알레르기비염, 축농증수술, 비과질환, 편도질환, 소아이비인후과",1974-8-7
401,송곤박,장튼위튼병원,의원,data,한방안이비인후피부과,"여드름, 한방미용시술(매선, 미용침), 성형수술후관리, 아토피피부염",1975-12-7
402,신얀탁,서울한방병원,의원,data,한방재활의학과,"(한방비만체형클리닉) 부분비만, 소아비만, 산후비만",1976-12-22
403,추달곤,시카고치과병원,의원,data,호흡기내과,"결핵 및 항산균폐질환, 만성폐쇄성폐질환",1988-9-20
404,유동분,다일천사병원,의원,data,호흡기내과,"결핵 및 항산균폐질환, 만성폐쇄성폐질환",1975-11-9
405,은무엄,서울특별시서울의료원강남분원,의원,data,신경외과,"뇌졸중치료, 뇌종양수술, 뇌혈관내중재시술, 뇌혈전용해술",1982-8-24
406,방선노,연세본병원,의원,data,호흡기내과,"결핵 및 항산균폐질환, 만성폐쇄성폐질환",1983-2-18
407,송상건,의료법인 참예원의료재단 서초참요양병원,의원,data,한방안이비인후피부과,"여드름, 한방미용시술(매선, 미용침), 성형수술후관리, 아토피피부염",1988-2-30
408,구구손,큰사랑노인전문병원,의원,data,한방안이비인후피부과,"여드름, 한방미용시술(매선, 미용침), 성형수술후관리, 아토피피부염",1978-4-27
409,유담미,안강병원,의원,data,한방안이비인후피부과,"여드름, 한방미용시술(매선, 미용침), 성형수술후관리, 아토피피부염",1974-6-21
410,명단탐,강서성모요양병원,의원,data,정형외과,"어깨 및 팔꿈치 관절(견·주 관절), 스포츠 손상 및 외상",1982-3-10
411,어형자,가야치과병원,의원,data,한방안이비인후피부과,"여드름, 한방미용시술(매선, 미용침), 성형수술후관리, 아토피피부염",1979-11-30
412,채성문,강남제이에스병원,의원,data,신경외과,"뇌졸중치료, 뇌종양수술, 뇌혈관내중재시술, 뇌혈전용해술",1973-11-24
413,임휘추,더와이즈황병원,의원,data,정형외과,"어깨 및 팔꿈치 관절(견·주 관절), 스포츠 손상 및 외상",1987-10-5
414,변천신,365엠씨(mc)병원,의원,data,한방안이비인후피부과,"여드름, 한방미용시술(매선, 미용침), 성형수술후관리, 아토피피부염",1988-12-2
415,반승재,서울복지한방병원,의원,data,한방안이비인후피부과,"여드름, 한방미용시술(매선, 미용침), 성형수술후관리, 아토피피부염",1983-8-16
416,손담용,학교법인가톨릭학원가톨릭대학교서울성모병원,의원,data,이비인후과,"알레르기비염, 축농증수술, 비과질환, 편도질환, 소아이비인후과",1986-1-28
417,원시나,이지앤성형외과병원,의원,data,한방재활의학과,"(한방비만체형클리닉) 부분비만, 소아비만, 산후비만",1987-4-26
418,손유탐,유나이티드병원,의원,data,한방안이비인후피부과,"여드름, 한방미용시술(매선, 미용침), 성형수술후관리, 아토피피부염",1989-1-20
419,왕리한,신화요양병원,의원,data,한방재활의학과,"(한방비만체형클리닉) 부분비만, 소아비만, 산후비만",1974-8-11
420,전배려,강남수요양병원,의원,data,한방안이비인후피부과,"여드름, 한방미용시술(매선, 미용침), 성형수술후관리, 아토피피부염",1980-2-20
421,왕혼한,연치과병원,의원,data,한방안이비인후피부과,"여드름, 한방미용시술(매선, 미용침), 성형수술후관리, 아토피피부염",1978-1-29
422,하환무,소람한방병원,의원,data,신경외과,"뇌졸중치료, 뇌종양수술, 뇌혈관내중재시술, 뇌혈전용해술",1989-5-27
423,명택찬,강남아산병원,의원,data,신경외과,"뇌졸중치료, 뇌종양수술, 뇌혈관내중재시술, 뇌혈전용해술",1990-1-9
424,박희래,가톨릭대학교 여의도성모병원,의원,data,신경외과,"뇌졸중치료, 뇌종양수술, 뇌혈관내중재시술, 뇌혈전용해술",1985-6-18
425,권성뜸,로고스치과병원,의원,data,정형외과,"어깨 및 팔꿈치 관절(견·주 관절), 스포츠 손상 및 외상",1981-2-13
426,편태화,참튼튼병원,의원,data,한방안이비인후피부과,"여드름, 한방미용시술(매선, 미용침), 성형수술후관리, 아토피피부염",1976-8-8
427,진유섬,트리니티요양병원,의원,data,신경외과,"뇌졸중치료, 뇌종양수술, 뇌혈관내중재시술, 뇌혈전용해술",1982-10-30
428,신송서,세바른병원,의원,data,한방안이비인후피부과,"여드름, 한방미용시술(매선, 미용침), 성형수술후관리, 아토피피부염",1971-1-7
429,장보강,(의)엘림의료재단 힐링요양병원,의원,data,정형외과,"어깨 및 팔꿈치 관절(견·주 관절), 스포츠 손상 및 외상",1972-1-19
430,육얀울,더블유치과병원,의원,data,정형외과,"어깨 및 팔꿈치 관절(견·주 관절), 스포츠 손상 및 외상",1972-10-24
431,조정애,필립요양병원,의원,data,이비인후과,"알레르기비염, 축농증수술, 비과질환, 편도질환, 소아이비인후과",1986-6-17
432,전면윤,러스크강동병원,의원,data,정형외과,"어깨 및 팔꿈치 관절(견·주 관절), 스포츠 손상 및 외상",1973-1-27
433,심황잎,광혜병원,의원,data,이비인후과,"알레르기비염, 축농증수술, 비과질환, 편도질환, 소아이비인후과",1985-2-15
434,함명휴,서울귀한이치과병원,의원,data,이비인후과,"알레르기비염, 축농증수술, 비과질환, 편도질환, 소아이비인후과",1989-8-27
435,변달섭,서울대효병원,의원,data,정형외과,"어깨 및 팔꿈치 관절(견·주 관절), 스포츠 손상 및 외상",1970-3-21
436,노숙반,혜민안과병원,의원,data,한방안이비인후피부과,"여드름, 한방미용시술(매선, 미용침), 성형수술후관리, 아토피피부염",1984-3-4
437,신기완,맑은수병원,의원,data,정형외과,"어깨 및 팔꿈치 관절(견·주 관절), 스포츠 손상 및 외상",1971-6-13
438,방구반,메디힐병원,의원,data,한방재활의학과,"(한방비만체형클리닉) 부분비만, 소아비만, 산후비만",1986-8-22
439,윤순홍,케이에스병원,의원,data,이비인후과,"알레르기비염, 축농증수술, 비과질환, 편도질환, 소아이비인후과",1980-7-2
440,왕누언,아이엠치과병원,의원,data,한방재활의학과,"(한방비만체형클리닉) 부분비만, 소아비만, 산후비만",1984-6-23
441,원숭반,서울인화요양병원,의원,data,신경외과,"뇌졸중치료, 뇌종양수술, 뇌혈관내중재시술, 뇌혈전용해술",1971-11-3
442,차술기,성심의료재단강동성심병원,의원,data,한방재활의학과,"(한방비만체형클리닉) 부분비만, 소아비만, 산후비만",1978-6-11
443,남열련,수치과병원,의원,data,한방재활의학과,"(한방비만체형클리닉) 부분비만, 소아비만, 산후비만",1984-6-7
444,주련근,큰사랑요양병원,의원,data,한방안이비인후피부과,"여드름, 한방미용시술(매선, 미용침), 성형수술후관리, 아토피피부염",1970-11-5
445,신로영,큰나무병원,의원,data,정형외과,"어깨 및 팔꿈치 관절(견·주 관절), 스포츠 손상 및 외상",1975-12-22
446,남디인,서울중앙병원,의원,data,정형외과,"어깨 및 팔꿈치 관절(견·주 관절), 스포츠 손상 및 외상",1970-3-29
447,오백무,서울탑치과병원,의원,data,한방안이비인후피부과,"여드름, 한방미용시술(매선, 미용침), 성형수술후관리, 아토피피부염",1978-8-22
448,구안리,미림한방병원,의원,data,신경외과,"뇌졸중치료, 뇌종양수술, 뇌혈관내중재시술, 뇌혈전용해술",1986-12-12
449,남엄겸,가우치과병원,의원,data,한방재활의학과,"(한방비만체형클리닉) 부분비만, 소아비만, 산후비만",1977-2-29
450,강훔춘,서울실버한방병원,의원,data,한방재활의학과,"(한방비만체형클리닉) 부분비만, 소아비만, 산후비만",1978-1-23
451,노재하,마리아성모요양병원,의원,data,한방재활의학과,"(한방비만체형클리닉) 부분비만, 소아비만, 산후비만",1990-10-27
452,편담울,연세미래엔미소치과병원,의원,data,정형외과,"어깨 및 팔꿈치 관절(견·주 관절), 스포츠 손상 및 외상",1984-10-4
453,남악권,연세사랑병원,의원,data,한방안이비인후피부과,"여드름, 한방미용시술(매선, 미용침), 성형수술후관리, 아토피피부염",1989-9-19
454,주겸송,연세스위트치과병원,의원,data,정형외과,"어깨 및 팔꿈치 관절(견·주 관절), 스포츠 손상 및 외상",1972-2-9
455,연웅소,강북연세요양병원,의원,data,정형외과,"어깨 및 팔꿈치 관절(견·주 관절), 스포츠 손상 및 외상",1985-2-14
456,현섭린,모커리한방병원,의원,data,한방안이비인후피부과,"여드름, 한방미용시술(매선, 미용침), 성형수술후관리, 아토피피부염",1975-6-3
457,명기충,서재곤링커병원,의원,data,이비인후과,"알레르기비염, 축농증수술, 비과질환, 편도질환, 소아이비인후과",1981-10-21
458,곽하온,서울본병원,의원,data,한방안이비인후피부과,"여드름, 한방미용시술(매선, 미용침), 성형수술후관리, 아토피피부염",1978-12-11
459,지루솔,목동연세요양병원,의원,data,한방재활의학과,"(한방비만체형클리닉) 부분비만, 소아비만, 산후비만",1976-1-8
460,용부겸,하나이비인후과병원,의원,data,한방안이비인후피부과,"여드름, 한방미용시술(매선, 미용침), 성형수술후관리, 아토피피부염",1970-2-29
461,용항심,아림치과병원,의원,data,이비인후과,"알레르기비염, 축농증수술, 비과질환, 편도질환, 소아이비인후과",1983-10-21
462,엄찬시,공안과병원,의원,data,한방재활의학과,"(한방비만체형클리닉) 부분비만, 소아비만, 산후비만",1977-10-15
463,한욱면,대한민국요양병원,의원,data,호흡기내과,"결핵 및 항산균폐질환, 만성폐쇄성폐질환",1989-4-27
464,변솔원,재단법인아산사회복지재단 서울아산병원,의원,data,한방재활의학과,"(한방비만체형클리닉) 부분비만, 소아비만, 산후비만",1977-2-4
465,엄승훔,의료법인참예원의료재단강남구립행복요양병원,의원,data,한방안이비인후피부과,"여드름, 한방미용시술(매선, 미용침), 성형수술후관리, 아토피피부염",1983-5-24
466,선미홍,올바른서울병원,의원,data,정형외과,"어깨 및 팔꿈치 관절(견·주 관절), 스포츠 손상 및 외상",1985-10-12
467,금란문,미병원,의원,data,한방재활의학과,"(한방비만체형클리닉) 부분비만, 소아비만, 산후비만",1971-9-12
468,여신여,시온요양병원,의원,data,정형외과,"어깨 및 팔꿈치 관절(견·주 관절), 스포츠 손상 및 외상",1978-7-13
469,원란관,뉴스타트병원,의원,data,한방안이비인후피부과,"여드름, 한방미용시술(매선, 미용침), 성형수술후관리, 아토피피부염",1988-7-12
470,양더출,면력한방병원,의원,data,정형외과,"어깨 및 팔꿈치 관절(견·주 관절), 스포츠 손상 및 외상",1979-12-29
471,주흥대,의료법인 한국암치료재단 헬스피아요양병원,의원,data,정형외과,"어깨 및 팔꿈치 관절(견·주 관절), 스포츠 손상 및 외상",1985-4-27
472,편늘빛,송파마음요양병원,의원,data,한방안이비인후피부과,"여드름, 한방미용시술(매선, 미용침), 성형수술후관리, 아토피피부염",1990-8-1
473,민전아,달려라병원,의원,data,한방재활의학과,"(한방비만체형클리닉) 부분비만, 소아비만, 산후비만",1970-8-24
474,도휘리,심정병원,의원,data,한방안이비인후피부과,"여드름, 한방미용시술(매선, 미용침), 성형수술후관리, 아토피피부염",1988-1-10
475,제번월,더사랑요양병원,의원,data,한방안이비인후피부과,"여드름, 한방미용시술(매선, 미용침), 성형수술후관리, 아토피피부염",1979-4-24
476,진치탁,서울스마트요양병원,의원,data,신경외과,"뇌졸중치료, 뇌종양수술, 뇌혈관내중재시술, 뇌혈전용해술",1971-1-3
477,하늬얀,새미래요양병원,의원,data,한방재활의학과,"(한방비만체형클리닉) 부분비만, 소아비만, 산후비만",1977-2-1
478,변식으,그랜드성형외과병원,의원,data,신경외과,"뇌졸중치료, 뇌종양수술, 뇌혈관내중재시술, 뇌혈전용해술",1979-7-9
479,민희늬,윤호병원,의원,data,한방재활의학과,"(한방비만체형클리닉) 부분비만, 소아비만, 산후비만",1978-12-30
480,배학판,장덕한방병원,의원,data,한방안이비인후피부과,"여드름, 한방미용시술(매선, 미용침), 성형수술후관리, 아토피피부염",1972-5-7
481,도빛고,의료법인 청해의료재단 제일병원,의원,data,한방안이비인후피부과,"여드름, 한방미용시술(매선, 미용침), 성형수술후관리, 아토피피부염",1984-11-11
482,신잔인,필치과병원,의원,data,한방안이비인후피부과,"여드름, 한방미용시술(매선, 미용침), 성형수술후관리, 아토피피부염",1974-3-17
483,은열전,경찰병원,의원,data,한방안이비인후피부과,"여드름, 한방미용시술(매선, 미용침), 성형수술후관리, 아토피피부염",1989-3-25
484,금찬흠,강서수한방병원,의원,data,한방재활의학과,"(한방비만체형클리닉) 부분비만, 소아비만, 산후비만",1982-7-17
485,남마명,실로암안과병원,의원,data,정형외과,"어깨 및 팔꿈치 관절(견·주 관절), 스포츠 손상 및 외상",1974-11-14
486,길늬묵,의료법인에이치엠피의료재단녹십초요양병원,의원,data,한방안이비인후피부과,"여드름, 한방미용시술(매선, 미용침), 성형수술후관리, 아토피피부염",1987-5-10
487,설롱새,가인치과병원,의원,data,신경외과,"뇌졸중치료, 뇌종양수술, 뇌혈관내중재시술, 뇌혈전용해술",1981-6-24
488,우상명,춘원당한방병원,의원,data,호흡기내과,"결핵 및 항산균폐질환, 만성폐쇄성폐질환",1975-4-20
489,노서루,한솔병원,의원,data,이비인후과,"알레르기비염, 축농증수술, 비과질환, 편도질환, 소아이비인후과",1988-12-6
490,주출디,강남초이스병원,의원,data,한방안이비인후피부과,"여드름, 한방미용시술(매선, 미용침), 성형수술후관리, 아토피피부염",1986-6-21
491,명안나,서울나은병원,의원,data,호흡기내과,"결핵 및 항산균폐질환, 만성폐쇄성폐질환",1990-11-15
492,공흔기,연세슬기병원,의원,data,정형외과,"어깨 및 팔꿈치 관절(견·주 관절), 스포츠 손상 및 외상",1982-7-28
493,박들람,학교법인연세대학교의과대학세브란스병원,의원,data,정형외과,"어깨 및 팔꿈치 관절(견·주 관절), 스포츠 손상 및 외상",1982-8-27
494,명전재,한양대학교병원,의원,data,정형외과,"어깨 및 팔꿈치 관절(견·주 관절), 스포츠 손상 및 외상",1990-7-1
495,진혁박,지혜병원,의원,data,정형외과,"어깨 및 팔꿈치 관절(견·주 관절), 스포츠 손상 및 외상",1988-12-20
496,한울누,멘토스병원,의원,data,정형외과,"어깨 및 팔꿈치 관절(견·주 관절), 스포츠 손상 및 외상",1988-6-12
497,채흠들,유디치과병원,의원,data,한방재활의학과,"(한방비만체형클리닉) 부분비만, 소아비만, 산후비만",1985-7-7
498,민잎균,광화문자생한방병원,의원,data,정형외과,"어깨 및 팔꿈치 관절(견·주 관절), 스포츠 손상 및 외상",1972-1-11
499,최율잎,세란병원,의원,data,호흡기내과,"결핵 및 항산균폐질환, 만성폐쇄성폐질환",1970-11-3
500,최회아,기분좋은한방병원,의원,data,한방안이비인후피부과,"여드름, 한방미용시술(매선, 미용침), 성형수술후관리, 아토피피부염",1980-4-29
